"Campaign name",Day,"Delivery status","Delivery level","Result Type",Results,"Cost per result","Amount spent (INR)",Impressions,Reach,"Attribution setting","Quality ranking","Engagement rate ranking","Conversion rate ranking","Ad set name","Reporting starts","Reporting ends"
"Activa King of Scooters",2026-03-11,active,campaign,"Leads (form)",6,46.44833333,278.69,5768,4572,"7-day click or 1-day view",-,-,-,,2026-03-11,2026-03-11
"Buy a Honda from Home _ BW",2026-03-11,active,campaign,"Leads (form)",3,90.21,270.63,5029,4188,"7-day click or 1-day view",-,-,-,,2026-03-11,2026-03-11
"CB125 Hornet Get 5+5 Insurance Free",2026-03-11,active,campaign,,,,296.35,11355,8814,"7-day click or 1-day view",-,-,-,,2026-03-11,2026-03-11
"Dio 125 X Edition",2026-03-11,active,campaign,"Leads (form)",10,34.973,349.73,13731,10804,"7-day click or 1-day view",-,-,-,,2026-03-11,2026-03-11
"Shine 125 Limited Edition",2026-03-11,active,campaign,"Leads (form)",8,35.95625,287.65,15307,12063,"7-day click or 1-day view",-,-,-,,2026-03-11,2026-03-11
"Rev-up for a New Ride @ Honda BigWing WFD",2026-03-11,active,campaign,"Leads (form)",2,161.37,322.74,8197,6947,"7-day click or 1-day view",-,-,-,,2026-03-11,2026-03-11
"We’re Hiring _ Tansi Honda",2026-03-11,recently_completed,campaign,"Leads (form)",38,7.39605263,281.05,9480,7459,"7-day click or 1-day view",-,-,-,,2026-03-11,2026-03-11
"Buy a Honda from Home _ Connect with us on Video chat",2026-03-11,active,campaign,"Leads (form)",1,252.89,252.89,2938,2360,"7-day click or 1-day view",-,-,-,,2026-03-11,2026-03-11
"Exchange & Upgrade to an Amazing new Honda",2026-03-11,active,campaign,"Leads (form)",7,47.09571429,329.67,9019,7709,"7-day click or 1-day view",-,-,-,,2026-03-11,2026-03-11
"Corporate Benefit Scheme on Honda 2-Wheelers",2026-03-11,active,campaign,"Leads (form)",3,80.32333333,240.97,4954,4236,"7-day click or 1-day view",-,-,-,,2026-03-11,2026-03-11
"Rev-up for a New Ride @ Honda BigWing WFD",2026-03-10,active,campaign,"Leads (form)",4,82.5975,330.39,10022,8158,"7-day click or 1-day view",-,-,-,,2026-03-10,2026-03-10
"Corporate Benefit Scheme on Honda 2-Wheelers",2026-03-10,active,campaign,"Leads (form)",3,84.56,253.68,4464,3907,"7-day click or 1-day view",-,-,-,,2026-03-10,2026-03-10
"Exchange & Upgrade to an Amazing new Honda",2026-03-10,active,campaign,"Leads (form)",8,41.39375,331.15,9552,7748,"7-day click or 1-day view",-,-,-,,2026-03-10,2026-03-10
"Buy a Honda from Home _ Connect with us on Video chat",2026-03-10,active,campaign,"Leads (form)",5,56.122,280.61,2990,2458,"7-day click or 1-day view",-,-,-,,2026-03-10,2026-03-10
"We’re Hiring _ Tansi Honda",2026-03-10,recently_completed,campaign,"Leads (form)",30,9.515,285.45,9343,7182,"7-day click or 1-day view",-,-,-,,2026-03-10,2026-03-10
"Buy a Honda from Home _ BW",2026-03-10,active,campaign,"Leads (form)",8,38.32,306.56,4304,3481,"7-day click or 1-day view",-,-,-,,2026-03-10,2026-03-10
"Shine 125 Limited Edition",2026-03-10,active,campaign,"Leads (form)",8,36.30625,290.45,15264,11696,"7-day click or 1-day view",-,-,-,,2026-03-10,2026-03-10
"Dio 125 X Edition",2026-03-10,active,campaign,"Leads (form)",8,44.195,353.56,13582,10978,"7-day click or 1-day view",-,-,-,,2026-03-10,2026-03-10
"CB125 Hornet Get 5+5 Insurance Free",2026-03-10,active,campaign,,,,297.19,11461,9062,"7-day click or 1-day view",-,-,-,,2026-03-10,2026-03-10
"Activa King of Scooters",2026-03-10,active,campaign,"Leads (form)",6,48.43833333,290.63,5842,4172,"7-day click or 1-day view",-,-,-,,2026-03-10,2026-03-10
"Rev-up for a New Ride @ Honda BigWing WFD",2026-03-09,active,campaign,"Leads (form)",1,307.77,307.77,8746,7320,"7-day click or 1-day view",-,-,-,,2026-03-09,2026-03-09
"Corporate Benefit Scheme on Honda 2-Wheelers",2026-03-09,active,campaign,"Leads (form)",2,136.145,272.29,4076,3399,"7-day click or 1-day view",-,-,-,,2026-03-09,2026-03-09
"Exchange & Upgrade to an Amazing new Honda",2026-03-09,active,campaign,"Leads (form)",4,75.8975,303.59,8985,7588,"7-day click or 1-day view",-,-,-,,2026-03-09,2026-03-09
"Buy a Honda from Home _ Connect with us on Video chat",2026-03-09,active,campaign,"Leads (form)",3,99.81,299.43,3343,2604,"7-day click or 1-day view",-,-,-,,2026-03-09,2026-03-09
"We’re Hiring _ Tansi Honda",2026-03-09,recently_completed,campaign,"Leads (form)",31,10.34,320.54,9937,7893,"7-day click or 1-day view",-,-,-,,2026-03-09,2026-03-09
"Buy a Honda from Home _ BW",2026-03-09,active,campaign,"Leads (form)",7,43.15142857,302.06,4664,3862,"7-day click or 1-day view",-,-,-,,2026-03-09,2026-03-09
"Shine 125 Limited Edition",2026-03-09,active,campaign,"Leads (form)",7,45.88857143,321.22,17902,13746,"7-day click or 1-day view",-,-,-,,2026-03-09,2026-03-09
"Dio 125 X Edition",2026-03-09,active,campaign,"Leads (form)",10,37.624,376.24,14118,11391,"7-day click or 1-day view",-,-,-,,2026-03-09,2026-03-09
"CB125 Hornet Get 5+5 Insurance Free",2026-03-09,active,campaign,"Leads (form)",2,165.74,331.48,14280,11129,"7-day click or 1-day view",-,-,-,,2026-03-09,2026-03-09
"Activa King of Scooters",2026-03-09,active,campaign,"Leads (form)",15,21.81133333,327.17,5958,4283,"7-day click or 1-day view",-,-,-,,2026-03-09,2026-03-09
"Corporate Benefit Scheme on Honda 2-Wheelers",2026-03-08,active,campaign,"Leads (form)",3,91.53,274.59,3678,3086,"7-day click or 1-day view",-,-,-,,2026-03-08,2026-03-08
"Exchange & Upgrade to an Amazing new Honda",2026-03-08,active,campaign,"Leads (form)",2,154.94,309.88,6514,5736,"7-day click or 1-day view",-,-,-,,2026-03-08,2026-03-08
"Buy a Honda from Home _ Connect with us on Video chat",2026-03-08,active,campaign,"Leads (form)",3,99.96,299.88,3464,2837,"7-day click or 1-day view",-,-,-,,2026-03-08,2026-03-08
"We’re Hiring _ Tansi Honda",2026-03-08,recently_completed,campaign,"Leads (form)",39,8.00025641,312.01,7338,5739,"7-day click or 1-day view",-,-,-,,2026-03-08,2026-03-08
"Rev-up for a New Ride @ Honda BigWing WFD",2026-03-08,active,campaign,"Leads (form)",1,320.77,320.77,6508,5481,"7-day click or 1-day view",-,-,-,,2026-03-08,2026-03-08
"Shine 125 Limited Edition",2026-03-08,active,campaign,"Leads (form)",7,48.27714286,337.94,15985,12400,"7-day click or 1-day view",-,-,-,,2026-03-08,2026-03-08
"Dio 125 X Edition",2026-03-08,active,campaign,"Leads (form)",5,73.82,369.1,12960,9925,"7-day click or 1-day view",-,-,-,,2026-03-08,2026-03-08
"CB125 Hornet Get 5+5 Insurance Free",2026-03-08,active,campaign,"Leads (form)",2,157.025,314.05,11988,8993,"7-day click or 1-day view",-,-,-,,2026-03-08,2026-03-08
"Buy a Honda from Home _ BW",2026-03-08,active,campaign,"Leads (form)",7,49.36428571,345.55,4485,3626,"7-day click or 1-day view",-,-,-,,2026-03-08,2026-03-08
"Activa King of Scooters",2026-03-08,active,campaign,"Leads (form)",6,55.96333333,335.78,4824,3312,"7-day click or 1-day view",-,-,-,,2026-03-08,2026-03-08
"Dio 125 X Edition",2026-03-07,active,campaign,"Leads (form)",3,111.57,334.71,10896,8094,"7-day click or 1-day view",-,-,-,,2026-03-07,2026-03-07
"Activa King of Scooters",2026-03-07,active,campaign,"Leads (form)",9,30.83555556,277.52,3376,2358,"7-day click or 1-day view",-,-,-,,2026-03-07,2026-03-07
"Buy a Honda from Home _ BW",2026-03-07,active,campaign,"Leads (form)",7,45.51714286,318.62,4782,3662,"7-day click or 1-day view",-,-,-,,2026-03-07,2026-03-07
"CB125 Hornet Get 5+5 Insurance Free",2026-03-07,active,campaign,"Leads (form)",6,51.12333333,306.74,11816,9522,"7-day click or 1-day view",-,-,-,,2026-03-07,2026-03-07
"Shine 125 Limited Edition",2026-03-07,active,campaign,"Leads (form)",11,28.12909091,309.42,11396,8483,"7-day click or 1-day view",-,-,-,,2026-03-07,2026-03-07
"Rev-up for a New Ride @ Honda BigWing WFD",2026-03-07,active,campaign,"Leads (form)",3,95.82333333,287.47,7571,6239,"7-day click or 1-day view",-,-,-,,2026-03-07,2026-03-07
"We’re Hiring _ Tansi Honda",2026-03-07,recently_completed,campaign,"Leads (form)",36,7.76222222,279.44,7135,5766,"7-day click or 1-day view",-,-,-,,2026-03-07,2026-03-07
"Buy a Honda from Home _ Connect with us on Video chat",2026-03-07,active,campaign,"Leads (form)",8,32.73625,261.89,3133,2549,"7-day click or 1-day view",-,-,-,,2026-03-07,2026-03-07
"Exchange & Upgrade to an Amazing new Honda",2026-03-07,active,campaign,"Leads (form)",10,51.286,512.86,12784,11374,"7-day click or 1-day view",-,-,-,,2026-03-07,2026-03-07
"Corporate Benefit Scheme on Honda 2-Wheelers",2026-03-07,active,campaign,"Leads (form)",4,77.6275,310.51,5865,5169,"7-day click or 1-day view",-,-,-,,2026-03-07,2026-03-07
"Shine 125 Limited Edition",2026-03-06,active,campaign,"Leads (form)",14,29.84428571,417.82,12809,8995,"7-day click or 1-day view",-,-,-,,2026-03-06,2026-03-06
"Exchange & Upgrade to an Amazing new Honda",2026-03-06,active,campaign,"Leads (form)",7,72.71428571,509,14241,12977,"7-day click or 1-day view",-,-,-,,2026-03-06,2026-03-06
"Buy a Honda from Home _ Connect with us on Video chat",2026-03-06,active,campaign,"Leads (form)",3,117.40333333,352.21,4417,3425,"7-day click or 1-day view",-,-,-,,2026-03-06,2026-03-06
"Activa – King of Scooters 👑",2026-03-06,recently_completed,campaign,"Leads (form)",2,5.63,11.26,159,148,"7-day click or 1-day view",-,-,-,,2026-03-06,2026-03-06
"We’re Hiring _ Tansi Honda",2026-03-06,recently_completed,campaign,"Leads (form)",36,8.11861111,292.27,7086,5491,"7-day click or 1-day view",-,-,-,,2026-03-06,2026-03-06
"CB125 Hornet Get 5+5 Insurance Free",2026-03-06,active,campaign,"Leads (form)",4,92.7325,370.93,13494,10286,"7-day click or 1-day view",-,-,-,,2026-03-06,2026-03-06
"Rev-up for a New Ride @ Honda BigWing WFD",2026-03-06,active,campaign,"Leads (form)",6,51.31166667,307.87,6859,5424,"7-day click or 1-day view",-,-,-,,2026-03-06,2026-03-06
"Dio 125 X Edition",2026-03-06,active,campaign,"Leads (form)",11,38.53727273,423.91,12562,8928,"7-day click or 1-day view",-,-,-,,2026-03-06,2026-03-06
"Buy a Honda from Home _ BW",2026-03-06,active,campaign,"Leads (form)",6,60.14166667,360.85,5614,4304,"7-day click or 1-day view",-,-,-,,2026-03-06,2026-03-06
"Activa King of Scooters",2026-03-06,active,campaign,"Leads (form)",3,109.64,328.92,3375,2448,"7-day click or 1-day view",-,-,-,,2026-03-06,2026-03-06
"Corporate Benefit Scheme on Honda 2-Wheelers",2026-03-06,active,campaign,"Leads (form)",5,74.914,374.57,5152,4294,"7-day click or 1-day view",-,-,-,,2026-03-06,2026-03-06
"Activa – King of Scooters 👑",2026-03-05,recently_completed,campaign,"Leads (form)",7,68.21285714,477.49,16196,14669,"7-day click or 1-day view",-,-,-,,2026-03-05,2026-03-05
"Rev-up for a New Ride @ Honda BigWing WFD",2026-03-05,active,campaign,"Leads (form)",2,153.28,306.56,7488,6584,"7-day click or 1-day view",-,-,-,,2026-03-05,2026-03-05
"Buy a Honda from Home _ Connect with us on Video chat",2026-03-05,active,campaign,"Leads (form)",5,59.002,295.01,5943,5397,"7-day click or 1-day view",-,-,-,,2026-03-05,2026-03-05
"Corporate Benefit Scheme on Honda 2-Wheelers",2026-03-05,active,campaign,"Leads (form)",2,85.585,171.17,2686,2344,"7-day click or 1-day view",-,-,-,,2026-03-05,2026-03-05
"We’re Hiring _ Tansi Honda",2026-03-05,recently_completed,campaign,"Leads (form)",35,9.20514286,322.18,7987,6792,"7-day click or 1-day view",-,-,-,,2026-03-05,2026-03-05
"Dio 125 X Edition",2026-03-05,active,campaign,"Leads (form)",10,29.504,295.04,8793,7191,"7-day click or 1-day view",-,-,-,,2026-03-05,2026-03-05
"Shine 125 Limited Edition",2026-03-05,active,campaign,"Leads (form)",8,28.98,231.84,7771,6486,"7-day click or 1-day view",-,-,-,,2026-03-05,2026-03-05
"CB125 Hornet Get 5+5 Insurance Free",2026-03-05,active,campaign,"Leads (form)",3,79.35333333,238.06,10387,8783,"7-day click or 1-day view",-,-,-,,2026-03-05,2026-03-05
"Buy a Honda from Home _ BW",2026-03-05,active,campaign,"Leads (form)",2,100.105,200.21,3376,2788,"7-day click or 1-day view",-,-,-,,2026-03-05,2026-03-05
"Activa King of Scooters",2026-03-05,active,campaign,,,,0,1,1,"7-day click or 1-day view",-,-,-,,2026-03-05,2026-03-05
"We’re Hiring _ Tansi Honda",2026-03-04,recently_completed,campaign,"Leads (form)",41,6.64,272.24,9066,7564,"7-day click or 1-day view",-,-,-,,2026-03-04,2026-03-04
"Corporate Benefit Scheme on Honda 2-Wheelers",2026-03-04,active,campaign,,,,237.57,2372,1770,"7-day click or 1-day view",-,-,-,,2026-03-04,2026-03-04
"Buy a Honda from Home _ Connect with us on Video chat",2026-03-04,active,campaign,"Leads (form)",4,66.275,265.1,3672,2967,"7-day click or 1-day view",-,-,-,,2026-03-04,2026-03-04
"Activa – King of Scooters 👑",2026-03-04,recently_completed,campaign,"Leads (form)",13,21.40307692,278.24,6874,5737,"7-day click or 1-day view",-,-,-,,2026-03-04,2026-03-04
"Rev-up for a New Ride @ Honda BigWing WFD",2026-03-04,active,campaign,"Leads (form)",3,101.83666667,305.51,6727,5311,"7-day click or 1-day view",-,-,-,,2026-03-04,2026-03-04
"Shine 125 Limited Edition",2026-03-04,active,campaign,"Leads (form)",5,48.606,243.03,7360,5153,"7-day click or 1-day view",-,-,-,,2026-03-04,2026-03-04
"Dio 125 X Edition",2026-03-04,active,campaign,"Leads (form)",4,34.82,139.28,2952,2369,"7-day click or 1-day view",-,-,-,,2026-03-04,2026-03-04
"CB125 Hornet Get 5+5 Insurance Free",2026-03-04,active,campaign,"Leads (form)",1,74.57,74.57,3168,2590,"7-day click or 1-day view",-,-,-,,2026-03-04,2026-03-04
"Buy a Honda from Home _ BW",2026-03-04,active,campaign,"Leads (form)",3,34.00666667,102.02,1713,1448,"7-day click or 1-day view",-,-,-,,2026-03-04,2026-03-04
"We’re Hiring _ Tansi Honda",2026-03-03,recently_completed,campaign,"Leads (form)",38,8.07105263,306.7,11176,8257,"7-day click or 1-day view",-,-,-,,2026-03-03,2026-03-03
"Activa – King of Scooters 👑",2026-03-03,recently_completed,campaign,"Leads (form)",8,46.20625,369.65,8864,6574,"7-day click or 1-day view",-,-,-,,2026-03-03,2026-03-03
"Buy a Honda from Home _ Connect with us on Video chat",2026-03-03,active,campaign,"Leads (form)",5,74.328,371.64,5264,3990,"7-day click or 1-day view",-,-,-,,2026-03-03,2026-03-03
"Corporate Benefit Scheme on Honda 2-Wheelers",2026-03-03,active,campaign,"Leads (form)",5,67.216,336.08,3748,2790,"7-day click or 1-day view",-,-,-,,2026-03-03,2026-03-03
"Buy a Honda from Home _ Connect with us on Video chat",2026-03-02,active,campaign,"Leads (form)",3,112.66333333,337.99,6432,5570,"7-day click or 1-day view",-,-,-,,2026-03-02,2026-03-02
"Corporate Benefit Scheme on Honda 2-Wheelers",2026-03-02,active,campaign,"Leads (form)",1,314.7,314.7,4545,3777,"7-day click or 1-day view",-,-,-,,2026-03-02,2026-03-02
"Activa – King of Scooters 👑",2026-03-02,recently_completed,campaign,"Leads (form)",8,43.42875,347.43,10192,8522,"7-day click or 1-day view",-,-,-,,2026-03-02,2026-03-02
"We’re Hiring _ Tansi Honda",2026-03-02,recently_completed,campaign,"Leads (form)",50,6.6648,333.24,12019,8320,"7-day click or 1-day view",-,-,-,,2026-03-02,2026-03-02
"We’re Hiring _ Tansi Honda",2026-03-01,recently_completed,campaign,"Leads (form)",50,5.7896,289.48,9001,6887,"7-day click or 1-day view",-,-,-,,2026-03-01,2026-03-01
